smiles,label,cid
CC(=O)OCC[N+](C)(C)C,0,187
C[N+](C)(C)CC(=O)[O-],0,247
c1cc(ccc1C(C(CO)NC(=O)C(Cl)Cl)O)[N+](=O)[O-],0,298
c1ccc(c(c1)C(=O)O)O,0,338
CC(C(=O)c1cccc(c1)Cl)NC(C)(C)C,0,444
C(C(C(C(C(CO)O)O)O)O)O,0,453
C(CCC(=O)O)CCN,0,564
CS(=O)C,0,679
c1cc(c(cc1CCN)O)O,0,681
C1(C(C(C(C(C1O)O)O)O)O)O,0,892
c1cc(cnc1)C(=O)O,1,938
c1cc(ccc1C(=O)O)N,0,978
CC(C)(CO)C(C(=O)NCCC(=O)O)O,0,988
c1cnc(cn1)C(=O)N,1,1046
Cc1c(c(c(cn1)CO)CO)O,0,1054
Cc1c(sc[n+]1Cc1cnc(nc1N)C)CCO,0,1130
Cc1ccc2cc3c4ccccc4ccc3c3c2c1CC3,1,1674
c1ccc(cc1)C1(C(=O)NC(=O)N1)c1ccccc1,1,1775
CC(=O)Nc1nnc(s1)S(=O)(=O)N,1,1986
CC(=O)c1ccc(cc1)S(=O)(=O)NC(=O)NC1CCCCC1,1,1989
Cc1ccc(c2c1oc1c(c(=O)c(c(c1n2)C(=O)NC1C(OC(=O)C(N(C(=O)CN(C(=O)C2CCCN2C(=O)C(NC1=O)C(C)C)C)C)C(C)C)C)N)C)C(=O)NC1C(OC(=O)C(N(C(=O)CN(C(=O)C2CCCN2C(=O)C(NC1=O)C(C)C)C)C)C(C)C)C,1,2019
CCCSc1ccc2c(c1)[nH]c(n2)NC(=O)OC,1,2082
CC(C)(C)NCC(c1ccc(c(c1)CO)O)O,0,2083
C(CC(O)(P(=O)(O)O)P(=O)(O)O)CN,0,2088
c1c2c(=O)ncnc2[nH][nH]1,1,2094
C1C2CC3CC1CC(C2)(C3)N,0,2130
CC(=O)Nc1c(c(c(c(c1I)NC(=O)C)I)C(=O)O)I,0,2140
C(CN)CNCCSP(=O)(O)O,0,2141
CN(C)CCC=C1c2ccccc2CCc2c1cccc2,0,2160
CCN(CC)Cc1cc(ccc1O)Nc1ccnc2c1ccc(c2)Cl,1,2165
COc1cc(ccc1Nc1c2ccccc2nc2c1cccc2)NS(=O)(=O)C,1,2179
CC(=O)Oc1ccccc1C(=O)O,0,2244
COc1ccc(cc1)CCN1CCC(CC1)Nc1nc2ccccc2n1Cc1ccc(cc1)F,0,2247
CC(C)NCC(COc1ccc(cc1)CC(=O)N)O,0,2249
Cn1cnc(c1Sc1c2c(nc[nH]2)ncn1)[N+](=O)[O-],1,2265
c1ccc(cc1)Cn1c2ccccc2c(n1)OCC(=O)O,1,2313
CCc1c(c2ccccc2o1)C(=O)c1cc(c(c(c1)Br)O)Br,1,2333
CC(Cc1ccccc1)N(C)Cc1ccccc1,0,2341
CC(C[N+](C)(C)C)OC(=O)N,0,2370
c1ccc(cc1)C(CCN1CCCCC1)(C1CC2CC1C=C2)O,0,2381
c1c(cc(c(c1Sc1cc(cc(c1O)Cl)Cl)O)Cl)Cl,1,2406
CCCCNc1cc(cc(c1Oc1ccccc1)S(=O)(=O)N)C(=O)O,1,2471
CCCCN1CCCCC1C(=O)Nc1c(cccc1C)C,0,2474
c1cnc(nc1)N1CCN(CC1)CCCCN1C(=O)CC2(CCCC2)CC1=O,0,2477
CS(=O)(=O)OCCCCOS(=O)(=O)C,1,2478
CC(C)C(CCCN(C)CCc1ccc(c(c1)OC)OC)(C#N)c1ccc(c(c1)OC)OC,1,2520
c1ccc2c(c1)C=Cc1ccccc1N2C(=O)N,1,2554
CCN(CC)CCOCCOC(=O)C1(CCCC1)c1ccccc1,0,2562
CN(C)CCOC(c1ccc(cc1)Cl)c1ccccn1,0,2564
CCCC(C)(COC(=O)N)COC(=O)NC(C)C,0,2576
CC1=C(N2C(C(C2=O)NC(=O)C(c2ccc(cc2)O)N)SC1)C(=O)O,1,2610
Cc1ccc(cc1)c1cc(nn1c1ccc(cc1)S(=O)(=O)N)C(F)(F)F,1,2662
C(C(Cl)(Cl)Cl)(O)O,0,2707
CN1CCN(CC1)C(c1ccccc1)c1ccc(cc1)Cl,0,2710
CN1C(S(=O)(=O)CCC1=O)c1ccc(cc1)Cl,1,2717
CCCNC(=O)NS(=O)(=O)c1ccc(cc1)Cl,1,2727
c1cc2c(cc1Cl)[nH]c(=O)o2,1,2733
Cc1cc(n(c(=O)c1)O)C1CCCCC1,0,2749
c1cc2c(cc1OCCCCc1nnnn1C1CCCCC1)CCC(=O)N2,0,2754
c1c2c(cc(c1F)N1CCNCC1)n(cc(c2=O)C(=O)O)C1CC1,1,2764
c1cc(c(c(c1)Cl)NC1=NCCN1)Cl,1,2803
CN1CCN(CC1)C1=c2ccccc2=Nc2ccc(cc2N1)Cl,1,2818
CC(=O)Oc1ccc(cc1)C(=C1CCCCC1)c1ccc(cc1)OC(=O)C,1,2898
CN1CCC(=C2c3ccccc3C=Cc3c2cccc3)CC1,1,2913
c1cc(ccc1c1ccc(o1)C=NN1CC(=O)NC1=O)[N+](=O)[O-],1,2952
c1cc(ccc1N)S(=O)(=O)c1ccc(cc1)N,1,2955
CNCCCN1c2ccccc2CCc2c1cccc2,0,2995
c1ccc(c(c1)CC(=O)O)Nc1c(cccc1Cl)Cl,1,3033
CCN(CC)CCOC(=O)C1(CCCCC1)C1CCCCC1,0,3042
c1cc(c(cc1c1ccc(cc1F)F)C(=O)O)O,1,3059
C(C(CS)S)O,1,3080
CN(C)CCOC(c1ccccc1)c1ccccc1,0,3100
C1CCN(CC1)c1c2c(c(nc(n2)N(CCO)CCO)N2CCCCC2)nc(n1)N(CCO)CCO,1,3108
CCN(CC)C(=S)SSC(=S)N(CC)CC,1,3117
COc1cc2c(cc1OC)C(=O)C(C2)CC1CCN(CC1)Cc1ccccc1,0,3152
CC(c1ccccc1)(c1ccccn1)OCCN(C)C,0,3162
c1ccc2c(c1)[nH]c(=O)n2C1=CCN(CC1)CCCC(=O)c1ccc(cc1)F,0,3168
CC[N+](C)(C)c1cccc(c1)O,0,3202
CC(O)(P(=O)(O)O)P(=O)(O)O,0,3305
CCc1cccc2c1[nH]c1c2CCOC1(CC)CC(=O)O,1,3308
c1cc(ccc1NN=C(C#N)C#N)OC(F)(F)F,1,3330
CC(C)OC(=O)C(C)(C)Oc1ccc(cc1)C(=O)c1ccc(cc1)Cl,1,3339
CC(c1cccc(c1)Oc1ccccc1)C(=O)O,1,3342
CCC(=O)N(c1ccccc1)C1CCN(CC1)CCc1ccccc1,0,3345
CC(C)(c1ccc(cc1)C(CCCN1CCC(CC1)C(c1ccccc1)(c1ccccc1)O)O)C(=O)O,0,3348
c1cc(ccc1OCC(=O)N1CCN(CC1)Cc1ccc2c(c1)OCO2)Cl,1,3351
Cc1c(=O)c2cccc(c2oc1c1ccccc1)C(=O)OCCN1CCCCC1,0,3354
c1cc(c(cc1F)F)C(Cn1cncn1)(Cn1cncn1)O,1,3365
c1c(c([nH]c(=O)n1)N)F,1,3366
CNCCC(c1ccccc1)Oc1ccc(cc1)C(F)(F)F,0,3386
CC(c1ccc(c(c1)F)c1ccccc1)C(=O)O,1,3394
CC(C)C(=O)Nc1ccc(c(c1)C(F)(F)F)[N+](=O)[O-],1,3397
COCCCCC(=NOCCN)c1ccc(cc1)C(F)(F)F,0,3404
c1cc(oc1C=NN1CCOC1=O)[N+](=O)[O-],1,3435
c1cc(oc1)CNc1cc(c(cc1C(=O)O)S(=O)(=O)N)Cl,1,3440
C1CCC(CC1)(CC(=O)O)CN,0,3446
CC(C1CCC(C(O1)OC1C(CC(C(C1O)OC1C(C(C(CO1)(C)O)NC)O)N)N)N)NC,0,3467
c1ccc(c(c1)C(=O)OCC(CO)O)Nc1ccnc2c1ccc(c2)Cl,1,3474
COc1ccccc1OCC(CO)O,0,3516
C1CCCN(CCC1)CCN=C(N)N,0,3518
CCCCCCc1ccc(cc1O)O,0,3610
c1c2c(cc(c1Cl)S(=O)(=O)N)S(=O)(=O)NCN2,1,3639
c1ccc(cc1)C(c1ccc(cc1)Cl)N1CCN(CC1)CCOCCO,0,3658
c1ccc(cc1)CCNN,0,3675
CCN(CC)CC(=O)Nc1c(cccc1C)C,0,3676
c1cnccc1c1cc(c(=O)[nH]c1)N,1,3698
Cc1c(c2cc(ccc2n1C(=O)c1ccc(cc1)Cl)OC)CC(=O)O,1,3715
CC(=O)N(CC(CN(c1c(c(c(c(c1I)C(=O)NCC(CO)O)I)C(=O)NCC(CO)O)I)C(=O)C)O)c1c(c(c(c(c1I)C(=O)NCC(CO)O)I)C(=O)NCC(CO)O)I,0,3724
CC(C)NNC(=O)c1ccncc1,1,3748
Cc1cc(no1)C(=O)NNCc1ccccc1,1,3759
CC(C)NCC(c1ccc(c(c1)O)O)O,0,3779
CC(COc1ccccc1)NC(C)C(c1ccc(cc1)O)O,0,3783
CNC1(CCCCC1=O)c1ccccc1Cl,0,3821
c1ccc(cc1)C(=O)c1ccc2n1CCC2C(=O)O,1,3826
Cc1c(cno1)C(=O)Nc1ccc(cc1)C(F)(F)F,1,3899
c1cc(ccc1C#N)C(c1ccc(cc1)C#N)n1cncn1,1,3902
CCn1cc(c(=O)c2c1c(c(c(c2)F)N1CCNC(C1)C)F)C(=O)O,1,3948
CN(C)C(=O)C(CCN1CCC(CC1)(c1ccc(cc1)Cl)O)(c1ccccc1)c1ccccc1,0,3955
CCOC(=O)N1CCC(=C2c3ccc(cc3CCc3c2nccc3)Cl)CC1,0,3957
CCCCc1nc(c(n1Cc1ccc(cc1)c1ccccc1c1n[nH]nn1)CO)Cl,1,3961
CNCCCC12CCC(c3c1cccc3)c1c2cccc1,0,4011
COC(=O)Nc1[nH]c2cc(ccc2n1)C(=O)c1ccccc1,1,4030
Cc1cccc(c1)CN1CCN(CC1)C(c1ccccc1)c1ccc(cc1)Cl,0,4034
Cc1ccc(c(c1Cl)Nc1ccccc1C(=O)O)Cl,1,4037
Cc1cccc(c1C)Nc1ccccc1C(=O)O,1,4044
c1cc2c(cc(nc2c(c1)C(F)(F)F)C(F)(F)F)C(C1CCCCN1)O,0,4046
CC12CC3CC(C1)(CC(C3)(C2)N)C,0,4054
CN1CCCCC1CCN1c2ccccc2Sc2c1cc(cc2)S(=O)C,1,4078
CC(C)NCC(c1cc(cc(c1)O)O)O,0,4086
CN(C)C(=N)N=C(N)N,0,4091
Cc1ccccc1N1C(Nc2cc(c(cc2C1=O)S(=O)(=O)N)Cl)C,1,4170
CC(C)(c1cccnc1)C(=O)c1cccnc1,0,4174
Cc1ncc2n1c1ccc(cc1C(=NC2)c1ccccc1F)Cl,0,4192
COc1ccc(c(c1)C(CNC(=O)CN)O)OC,0,4195
c1c(n(c(=N)nc1N1CCCCC1)O)N,0,4201
c1ccc(c(c1)C(c1ccc(cc1)Cl)C(Cl)Cl)Cl,0,4211
c1cc(c2c(c1NCCNCCO)C(=O)c1c(ccc(c1C2=O)O)O)NCCNCCO,1,4212
Cc1cc(c(cc1OC(=O)C)C(C)C)OCCN(C)C,1,4260
C1C(C(C(C(C1N)OC1C(C(C(C(O1)CN)O)O)N)OC1C(C(C(O1)CO)OC1C(C(C(C(O1)CN)O)O)N)O)O)N,0,4454
Cc1ccnc2c1[nH]c(=O)c1cccnc1n2C1CC1,1,4463
c1ccc(cc1)CNC(=O)CCNNC(=O)c1ccncc1,1,4472
CC1=C(C(C(=C(N1)C)C(=O)OCCN(C)Cc1ccccc1)c1cccc(c1)[N+](=O)[O-])C(=O)OC,1,4474
CC1=C(C(C(=C(N1)C)C(=O)OC)c1ccccc1[N+](=O)[O-])C(=O)OC,1,4485
CC1(C(=O)N(C(=O)N1)c1ccc(c(c1)C(F)(F)F)[N+](=O)[O-])C,1,4493
CS(=O)(=O)Nc1ccc(cc1Oc1ccccc1)[N+](=O)[O-],1,4495
CC1=C(C(C(=C(N1)C)C(=O)OC(C)C)c1cccc(c1)[N+](=O)[O-])C(=O)OCCOC,1,4497
CN1Cc2c(cccc2N)C(C1)c1ccccc1,1,4528
CCn1cc(c(=O)c2c1cc(c(c2)F)N1CCNCC1)C(=O)O,1,4539
Cc1ccccc1C(c1ccccc1)OCCN(C)C,0,4601
c1ccc(cc1)c1c(oc(n1)CCC(=O)O)c1ccccc1,1,4614
CCCOc1ccc2c(c1)[nH]c(n2)NC(=O)OC,1,4622
CCN(CC)CC#CCOC(=O)C(c1ccccc1)(C1CCCCC1)O,0,4634
C(CN)C(O)(P(=O)(O)O)P(=O)(O)O,0,4674
CC(C)(CO)C(C(=O)NCCCO)O,0,4678
COc1ccc(cc1OC)Cc1c2cc(c(cc2ccn1)OC)OC,1,4680
CN(CC#C)Cc1ccccc1,0,4688
c1ccc(cc1)C1C(=O)N=C(O1)N,1,4723
C1CCC(CC1)C(CC1CCCCN1)C1CCCCC1,1,4746
CCOc1ccc(cc1)NC(=O)C,1,4754
c1ccc(cc1)N=Nc1ccc(nc1N)N,0,4756
CC(COc1ccccc1)N(CCCl)Cc1ccccc1,0,4768
CC(C)(Cc1ccccc1)N,0,4771
CCCCC1C(=O)N(N(C1=O)c1ccccc1)c1ccccc1,1,4781
CC1=C(C(=O)c2ccccc2C1=O)CC=C(C)CCCC(C)CCCC(C)CCCC(C)C,0,4812
CC(C(C)(C)C)N=C(NC#N)Nc1ccncc1,0,4826
CC(C)NCC(COc1cccc2c1cc[nH]2)O,0,4828
c1ccc2c(c1)CCN1C2CN(CC1=O)C(=O)C1CCCCC1,0,4891
CC(CCCN)Nc1cc(cc2c1nccc2)OC,0,4908
CCC1(C(=O)NCNC1=O)c1ccccc1,0,4909
CC(C)(C)c1cc(cc(c1O)C(C)(C)C)SC(C)(C)Sc1cc(c(c(c1)C(C)(C)C)O)C(C)(C)C,0,4912
CN1CCN(CC1)CCCN1c2ccccc2Sc2c1cc(cc2)Cl,1,4917
c1ccc(cc1)C(CCN1CCCC1)(C1CCCCC1)O,0,4919
CCCNCC(COc1ccccc1C(=O)CCc1ccccc1)O,0,4932
CC(C)c1cccc(c1O)C(C)C,0,4943
CC(C)NCC(COc1cccc2c1cccc2)O,0,4946
CNCCCC1c2ccccc2C=Cc2c1cccc2,0,4976
C[n+]1cccc(c1)OC(=O)N(C)C,0,4991
CN(C)CCN(Cc1ccc(cc1)OC)c1ccccn1,0,4992
c1cc2c(cc1OC(F)(F)F)sc(n2)N,1,5070
Cc1c(c(=O)n2c(n1)CCCC2)CCN1CCC(CC1)c1c2ccc(cc2on1)F,1,5073
c1ccc(c(c1)C(=O)N)O,0,5147
CN1C2CC(CC1C1C2O1)OC(=O)C(CO)c1ccccc1,0,5184
Cc1ccc(cc1Nc1nccc(n1)c1cccnc1)NC(=O)c1ccc(cc1)CN1CCN(CC1)C,1,5291
C[N+](C)(C)CCOC(=O)CCC(=O)OCC[N+](C)(C)C,0,5314
Cc1nnc(s1)NS(=O)(=O)c1ccc(cc1)N,1,5328
Cc1cc(no1)NS(=O)(=O)c1ccc(cc1)N,1,5329
c1cc(ccc1N)S(=O)(=O)N,1,5333
c1cc(ccc1N)S(=O)(=O)Nc1nccs1,1,5340
c1ccc(cc1)N1C(=O)C(C(=O)N1c1ccccc1)CCS(=O)c1ccccc1,0,5342
CC1=C(c2cc(ccc2C1=Cc1ccc(cc1)S(=O)C)F)CC(=O)O,1,5352
CCCCCCCCNC(C)C(c1ccc(cc1)SC(C)C)O,1,5354
Cn1c(=O)n2cnc(c2nn1)C(=O)N,0,5394
CC(C)(C)C#CC=CCN(C)Cc1cccc2c1cccc2,1,5402
CC(C)(C)c1ccc(cc1)C(CCCN1CCC(CC1)C(c1ccccc1)(c1ccccc1)O)O,0,5405
CCCCNc1ccc(cc1)C(=O)OCCN(C)C,0,5411
c1ccc(c(c1)CN1CCc2c(ccs2)C1)Cl,1,5472
Cc1ccc(cc1)S(=O)(=O)NC(=O)NN1CCCCCC1,1,5503
CCCCNC(=O)NS(=O)(=O)c1ccc(cc1)C,1,5505
Cc1ccc(cc1)C(=O)c1ccc(n1C)CC(=O)O,1,5509
C1CC(CCC1CN)C(=O)O,0,5526
c1ccn2c(c1)nn(c2=O)CCCN1CCN(CC1)c1cccc(c1)Cl,1,5533
c1ccc(cc1)C(CCN1CCCCC1)(C1CCCCC1)O,0,5572
CN(C)CCOc1ccc(cc1)CNC(=O)c1cc(c(c(c1)OC)OC)OC,1,5577
COc1cc(cc(c1OC)OC)Cc1cnc(nc1N)N,1,5578
Cc1c(c2c(c(c1O)C)CCC(O2)(C)COc1ccc(cc1)CC1C(=O)NC(=O)S1)C,1,5591
Cc1ccccc1S(=O)(=O)NC(=O)c1ccc(c(c1)OC)Cc1cn(c2c1cc(cc2)NC(=O)OC1CCCC1)C,1,5717
c1ccc2c(c1)c(no2)CS(=O)(=O)N,1,5734
CC1CC2C3CCC4=CC(=O)C=CC4(C3(C(CC2(C1(C(=O)CO)O)C)O)F)C,0,5743
CC1=C(C(=O)C2=C(C1=O)N1CC3C(C1(C2COC(=O)N)OC)N3)N,0,5746
CC[N+](C)(CC)CCOC(=O)C(c1ccccc1)(C1CCCCC1)O,0,5749
CC12CCC(=O)C=C1CCC1C2C(CC2(C1CCC2(C(=O)CO)O)C)O,0,5754
CC12CCC3c4ccc(cc4CCC3C1CCC2O)O,0,5757
c1c(c(=O)[nH]c(=O)n1C1CC(C(O1)CO)O)F,1,5790
CNCC(c1ccc(c(c1)O)O)O,0,5816
CC(Cc1ccccc1)N,0,5826
CC12CC(=O)C3C(C1CCC2(C(=O)CO)O)CCC1=CC(=O)C=CC31C,0,5865
CC12CCC3C(C1CCC2(C)O)CCC1C3(COC(=O)C1)C,1,5878
CN(C)c1c2c(ncn1)n(cn2)C1C(C(C(O1)CO)NC(=O)C(Cc1ccc(cc1)OC)N)O,1,5891
CC(=O)Nc1ccc2c(c1)Cc1c2cccc1,1,5897
CC1(C(N2C(S1)C(C2=O)NC(=O)Cc1ccccc1)C(=O)O)C,0,5904
c1c(c(=O)[nH]c(=O)n1C1CC(C(O1)CO)O)I,1,5905
CCC1C(COC1=O)Cc1cncn1C,0,5910
c1cc(c(cc1Oc1c(cc(cc1I)CC(C(=O)O)N)I)I)O,0,5920
CC12CCN(C1N(c1c2cc(cc1)OC(=O)NC)C)C,0,5983
CC(=O)OCC1=C(N2C(C(C2=O)NC(=O)Cc2cccs2)SC1)C(=O)O,1,6024
C1C(C(C(C(C1N)OC1C(C(C(C(O1)CN)O)O)O)O)OC1C(C(C(C(O1)CO)O)N)O)N,0,6032
c1cc(c(cc1CC(C(=O)O)N)O)O,0,6047
CC(C(c1cc(ccc1OC)OC)O)N,0,6082
Cc1c(c(no1)c1ccccc1Cl)C(=O)NC1C2N(C1=O)C(C(S2)(C)C)C(=O)O,1,6098
C(C1C(C(C(C(O1)OC1C(OC(C(C1O)O)O)CO)O)O)O)O,0,6134
CSCCC(C(=O)O)N,0,6137
CC(=O)NC1CCc2cc(c(c(c2c2c1cc(=O)c(cc2)OC)OC)OC)OC,0,6167
c1c(c(=O)[nH]c(=O)[nH]1)N(CCCl)CCCl,1,6194
CC(C)CCCC(C)C1CCC2C1(CCCC2=CC=C1CC(CCC1=C)O)C,0,6221
CC12CCC3C(C1CCC2(C#C)O)CCC1=CC(=O)CCC31,0,6230
c1cn(c(=O)nc1N)C1C(C(C(O1)CO)O)O,1,6253
C(CC(C(=O)O)N)CN=C(N)N,0,6322
C(C(CO)(CO)N)O,0,6503
CN1CCN(CC1)C(c1ccccc1)c1ccccc1,0,6726
CN1C2CCC1CC(C2)OC(c1ccccc1)c1ccccc1,0,6832
c1ccc2c(c1)Nc1ccccc1S2,1,7108
CCCCNc1ccc(cc1)C(=O)OCCOCCOCCOCCOCCOCCOCCOCCOCCOC,0,7699
CCC(CO)NC(=O)C1CN(C2Cc3c[nH]c4c3c(ccc4)C2=C1)C,0,8226
c1ccc(cc1)c1cc(c2ccccc2n1)C(=O)O,1,8593
CCOC(=O)C1(CCN(CC1)CCc1ccc(cc1)N)c1ccccc1,0,8944
CC(=O)CC(c1ccc(cc1)[N+](=O)[O-])c1c(=O)c2ccccc2oc1O,1,9052
CC(C(c1ccccc1)O)NC,0,9294
Cc1c(ccc2c1oc(c(c2=O)NC(=O)c1ccc(c(c1)CC=C(C)C)O)O)OC1C(C(C(C(O1)(C)C)OC)OC(=O)N)O,1,9346
c1nc(nc(=O)n1C1C(C(C(O1)CO)O)O)N,1,9444
CCC(CO)NC(=O)C1CN(C2Cc3cn(c4c3c(ccc4)C2=C1)C)C,0,9681
CC12CCC3C(C1CCC2(C)O)CCC1C3(CC(=CO)C(=O)C1)C,1,9902
CC12CCC3C(C1CCC2O)CCC1=CC(=O)CCC31,1,9904
CC1CC2C(CCC3(C2CCC3(C(=O)C)O)C)C2(C1=CC(=O)CC2)C,0,10631
CC(Cc1ccccc1)NC,0,10836
C[N+](C)(C)CC(CC(=O)[O-])O,0,10917
c1cc(ccc1N)S(=O)(=O)NC(=O)N,1,11033
c1ccc2c(c1)cccc2N=C=S,1,11080
C(C1C(C(C(C(O1)OC1C(OC(C1O)(CO)O)CO)O)O)O)O,0,11333
CC(=O)Nc1cccc(c1)O,0,12124
CC1C(OCCN1C)c1ccccc1,0,12460
CCC1C(C(C(C(=O)C(CC(C(C(C(C(C(=O)O1)C)OC1CC(C(C(O1)C)O)(C)OC)C)OC1C(C(CC(O1)C)N(C)C)O)(C)O)C)C)O)(C)O,1,12560
CCC1(CC2CC(c3c(c4ccccc4[nH]3)CCN(C2)C1)(c1cc2c(cc1OC)N(C1C32CCN2C3C(C=CC2)(C(C1(C(=O)OC)O)OC(=O)C)CC)C)C(=O)OC)O,0,13342
CCOC(=O)C1(CCN(CC1)CCC(C#N)(c1ccccc1)c1ccccc1)c1ccccc1,0,13505
C[N+](C)(C)CCOP(=O)([O-])OP(=O)(O)OCC1C(C(C(O1)n1ccc(nc1=O)N)O)O,0,13804
COc1cc2c(c3c1c1c(c(=O)o3)C(=O)CC1)C1C=COC1O2,1,14403
Cc1c(c2c(c(c1O)C)CCC(O2)(C)CCCC(C)CCCC(C)CCCC(C)C)C,0,14985
CC(C)Cc1ccc(cc1)CC(=O)O,1,15250
c1ccc2c(c1)[nH]c(=O)n2C1CCN(CC1)CCCC(c1ccc(cc1)F)c1ccc(cc1)F,0,16362
CN(C)CCC(c1ccc(cc1)Br)c1ccccn1,0,16960
c1ccc2c(c1)C(=CCCN1CCN(CC1)CCO)c1cc(ccc1S2)C(F)(F)F,0,17012
Cc1cn(c(=O)[nH]c1=O)C1C=CC(O1)CO,1,18283
Cc1c(c(no1)c1c(cccc1Cl)Cl)C(=O)NC1C2N(C1=O)C(C(S2)(C)C)C(=O)O,1,18381
CC1C(C(C(O1)OC1C(C(C(C(C1O)O)N=C(N)N)O)N=C(N)N)OC1C(C(C(C(O1)CO)O)O)NC)(C=O)O,0,19649
COc1cc(c(cc1S(=O)(=O)O)C(=O)c1ccccc1)O,0,19988
CC1CC2C3CCC4=CC(=O)C=CC4(C3(C(CC2(C1(C(=O)CO)O)C)O)Cl)C,0,20469
CN(C)CCCC1c2ccccc2Nc2c1cc(cc2)Cl,1,21382
c1cn(c(=O)nc1N)C1CCC(O1)CO,1,24066
C[Si](C)(C)O[Si](C)(C)O[Si](C)(C)C,0,24705
COC(=O)Nc1[nH]c2ccccc2n1,1,25429
CC(Cc1ccccc1)N(C)CC#C,0,26757
CC(C(c1ccccc1)O)N,0,26934
CC(c1ccccc1)(c1ccc(cc1)Cl)OCCC1CCCN1C,0,26987
[Li+],0,28486
c1cc(ccc1c1nc(cs1)CC(=O)O)Cl,1,28858
CC(=O)N1c2ccccc2C(C1=O)(c1ccc(cc1)OC(=O)C)c1ccc(cc1)OC(=O)C,1,29321
CC1C(C(CC(O1)OC1C(OC(CC1O)OC1C(OC(CC1O)OC1CCC2(C(C1)CCC1C2CC(C2(C1(CCC2C1=CC(=O)OC1)O)C)O)C)C)C)O)O,0,30322
C=CCOc1ccc(cc1Cl)CC(=O)O,1,30951
CC12CCC(=O)C=C1CCC1C2(C(CC2(C1CCC2(C(=O)CO)O)C)O)F,0,31378
CC(=O)NC1C(C(C(OC1O)CO)OS(=O)(=O)[O-])OC1C(C(C(C(O1)C(=O)[O-])O)O)O,1,32756
Cc1c(c2ccc(cc2n1CC(=O)O)OC)C(=O)c1ccc(cc1)Cl,1,33176
CCOC(=O)Nc1ccc2c(c1)N(c1ccccc1S2)C(=O)CCN1CCOCC1,1,34633
Cc1cn(c(=O)[nH]c1=O)C1CC(C(O1)CO)N=[N+]=[N-],1,35370
CC(c1ccc(c(c1)Cl)N1CC=CC1)C(=O)O,1,35935
CC1=C2C(C(=O)C3(C(CC4C(C3C(C(C2(C)C)(CC1OC(=O)C(C(c1ccccc1)NC(=O)c1ccccc1)O)O)OC(=O)c1ccccc1)(CO4)OC(=O)C)O)C)OC(=O)C,1,36314
CC1OCC2C(O1)C(C(C(O2)OC1c2cc3c(cc2C(C2C1COC2=O)c1cc(c(c(c1)OC)O)OC)OCO3)O)O,1,36462
CC(CCc1ccc(cc1)O)NCCc1ccc(c(c1)O)O,0,36811
CC(C)(C)NCC(COc1ccccc1C1CCCC1)O,0,37464
C1C(C(C(C(C1NC(=O)C(CCN)O)OC1C(C(C(C(O1)CO)O)N)O)O)OC1C(C(C(C(O1)CN)O)O)O)N,0,37768
c1cc(sc1)C(=O)c1ccc(c(c1Cl)Cl)OCC(=O)O,1,38409
CC(C)(C(=O)O)Oc1ccc(cc1)CCNC(=O)c1ccc(cc1)Cl,0,39042
CC(C)(C)NCC(COc1cccc2c1CC(C(C2)O)O)O,0,39147
CC(=O)OC1C(Sc2ccccc2N(C1=O)CCN(C)C)c1ccc(cc1)OC,1,39186
CC(c1ccc2c(c1)nc(o2)c1ccc(cc1)Cl)C(=O)O,1,39941
CC1(C(C1C(=O)OCc1cccc(c1)Oc1ccccc1)C=C(Cl)Cl)C,0,40326
c1cc(c(c(c1C(=O)c1cc(c(c(c1)O)O)O)O)O)O,1,40399
c1nc2c(n1C1CC(C(O1)CO)O)NC=NCC2O,1,40926
CN(C)CCn1c(nnn1)SCC1=C(N2C(C(C2=O)NC(=O)Cc2csc(n2)N)SC1)C(=O)O,1,43708
CC(=O)N1CCN(CC1)c1ccc(cc1)OCC1COC(O1)(Cn1ccnc1)c1ccc(cc1Cl)Cl,1,47576
c1[nH]c2c(c(=O)n1)ncn2C1CCC(O1)CO,1,50599
CCC(C)C(=O)OC1CC(C=C2C1C(C(C=C2)C)CCC1CC(CC(=O)O1)O)C,0,53232
CN(CC(=O)O)C(=S)c1cccc2c1ccc(c2C(F)(F)F)OC,1,53359
CCC(C)(C)C(=O)OC1CC(C=C2C1C(C(C=C2)C)CCC1CC(CC(=O)O1)O)C,0,54454
CC(C)(C)NCC(c1cc(cc(c1)OC(=O)N(C)C)OC(=O)N(C)C)O,0,54766
CCOC(=O)C(CCc1ccccc1)NC(C)C(=O)N1Cc2ccccc2CC1C(=O)O,1,54892
CCC1C(C(C(N(CC(CC(C(C(C(C(C(=O)O1)C)OC1CC(C(C(O1)C)O)(C)OC)C)OC1C(C(CC(O1)C)N(C)C)O)(C)O)C)C)C)O)(C)O,0,55185
CCC(C)n1c(=O)n(cn1)c1ccc(cc1)N1CCN(CC1)c1ccc(cc1)OCC1COC(O1)(Cn1cncn1)c1ccc(cc1Cl)Cl,1,55283
CC(CS(=O)(=O)c1ccc(cc1)F)(C(=O)Nc1ccc(c(c1)C(F)(F)F)C#N)O,1,56069
CC12CCC3C(C1CCC2C(=O)NC(C)(C)C)CCC1C3(C=CC(=O)N1)C,0,57363
CC(C)NCC(COc1ccc(cc1)CCC(=O)OC)O,0,59768
CC1CN(CCN1)c1cc2c(cc1F)c(=O)c(cn2c1ccc(cc1F)F)C(=O)O,1,60021
c1nc(c2c(n1)n(cn2)CCOCP(=O)(O)O)N,1,60172
CC12CCC3C(C1CCC2=O)CC(=C)C1=CC(=O)C=CC31C,1,60198
CC(c1cc2ccccc2s1)N(C(=O)N)O,1,60490
CC(C)C1c2ccc(cc2CCC1(CCN(C)CCCc1[nH]c2ccccc2n1)OC(=O)COC)F,0,60663
CCC1(c2cc3n(c(=O)c2COC1=O)Cc1c3nc2ccc(c(c2c1)CN(C)C)O)O,0,60700
c1cc(c(c(c1)C(=O)c1ccc(cc1)Br)N)CC(=O)O,1,60726
CCCCCCCN(CC)CCCC(c1ccc(cc1)NS(=O)(=O)C)O,0,60753
Cc1ccc(c(c1)C(CCN(C(C)C)C(C)C)c1ccccc1)O,0,60774
CC(C)(C)NC(=O)C1CC2CCCCC2CN1CC(C(Cc1ccccc1)NC(=O)C(CC(=O)N)NC(=O)c1ccc2ccccc2n1)O,1,60787
CC(C)c1c(c(c(n1CCC(CC(CC(=O)O)O)O)c1ccc(cc1)F)c1ccccc1)C(=O)Nc1ccccc1,1,60823
CNCCC(c1cccs1)Oc1cccc2c1cccc2,1,60835
c1c(c(nc(=O)n1C1CSC(O1)CO)N)F,1,60877
Cc1c2c(nc(n1)C)N(C(=O)CC2)Cc1ccc(cc1)c1ccccc1c1n[nH]nn1,1,60919
CCCCCOC(=O)Nc1c(cn(c(=O)n1)C1C(C(C(O1)C)O)O)F,1,60953
c1cc(c(cc1F)F)n1cc(c(=O)c2c1nc(c(c2)F)N1CC2C(C1)C2N)C(=O)O,1,62959
c1nc2c(nc(nc2n1C1CC(C=C1)CO)N)NC1CC1,1,65140
CC(C(=O)Nc1c(c(c(c(c1I)C(=O)NC(CO)CO)I)C(=O)NC(CO)CO)I)O,0,65492
Cc1cc(c(c2c1cccn2)O)Br,1,65592
CN1c2c(oc(=O)n(c2=O)c2ccccn2)c2ccccc2S1(=O)=O,1,65679
c1cc(ccc1S(=O)(=O)NC=NCCSCc1csc(n1)N=C(N)N)Br,1,65869
CCN(CC)CCOc1cccc(c1OCCN(CC)CC)OCCN(CC)CC,0,67425
CNC1CCC(c2c1cccc2)c1ccc(c(c1)Cl)Cl,0,68617
CN1c2ccccc2C(c2ccc(cc2S1(=O)=O)Cl)NCCCCCCC(=O)O,1,68870
Cc1nc(cn1c1ccc(cc1)[N+](=O)[O-])[N+](=O)[O-],1,71900
Cc1c2c(cc(c1F)N1CCNC(C1)C)n(cc(c2=O)C(=O)O)C1CC1,1,72474
Cc1cc2c(cc1C(=C)c1ccc(cc1)C(=O)O)C(CCC2(C)C)(C)C,1,82146
CCC1C(C(C(C(=O)C(CC(C(C(C(C(C(=O)O1)C)OC1CC(C(C(O1)C)O)(C)OC)C)OC1C(C(CC(O1)C)N(C)C)O)(C)OC)C)C)O)(C)O,1,84029
B(C(CC(C)C)NC(=O)C(Cc1ccccc1)NC(=O)c1cnccn1)(O)O,1,93860
CC(C)(C)c1ccc(cc1)S(=O)(=O)Nc1c(c(nc(n1)c1ncccn1)OCCO)Oc1ccccc1OC,1,104865
CC1CC2C3CCC4=CC(=O)C=CC4(C3(C(CC2(C1(C(=O)CCl)O)C)O)Cl)C,0,123620
CN(Cc1cnc2c(n1)c(nc(n2)N)N)c1ccc(cc1)C(=O)NC(CCC(=O)O)C(=O)O,1,126941
CN(C)CCCC1(c2ccc(cc2CO1)C#N)c1ccc(cc1)F,0,146570
CC1=C2C(C(=O)C3(C(CC4C(C3C(C(C2(C)C)(CC1OC(=O)C(C(c1ccccc1)NC(=O)OC(C)(C)C)O)O)OC(=O)c1ccccc1)(CO4)OC(=O)C)O)C)O,1,148124
CC1COc2c3n1cc(c(=O)c3cc(c2N1CCN(CC1)C)F)C(=O)O,1,149096
CCCCCC(C=CC1C(CC(=O)C1CCCCCCC(=O)O)O)O,0,149351
Cc1ccc(c(c1)CC(=O)O)Nc1c(cccc1Cl)F,1,151166
COc1c2c(cc(c1N1CC3CCCNC3C1)F)c(=O)c(cn2C1CC1)C(=O)O,1,152946
CCOC1C(CC(=O)O1)NC(=O)C1CCCN2N1C(=O)C(CCC2=O)NC(=O)c1c2ccccc2ccn1,1,153270
C=C1C(CC(C1CO)O)n1cnc2c1[nH]c(nc2=O)N,1,153941
C1C(C(C(C(C1N)OC1C(C(C(C(O1)CO)O)O)N)OC1C(C(C(O1)CO)OC1C(C(C(C(O1)CN)O)O)N)O)O)N,0,165580
C1C2C(C(S1)CCCCC(=O)O)NC(=O)N2,0,171548
CN1C2CCC1CC(C2)OC(=O)C(CO)c1ccccc1,0,174174
Cc1cc(nc(n1)OC(C(=O)O)C(c1ccccc1)(c1ccccc1)OC)C,1,197712
CC1CC(C(C(O1)OC1C(CC2(CO2)C(=O)C(C(C(C(OC(=O)C(C(C1C)OC1CC(C(C(O1)C)OC(=O)C)OC)C)C)C)OC(=O)C)C)C)OC(=O)C)N(C)C,1,202225
CS(=O)(=O)CCNCc1ccc(o1)c1ccc2c(c1)c(ncn2)Nc1ccc(c(c1)Cl)OCc1cccc(c1)F,1,208908
CC(C)CN(CC(C(Cc1ccccc1)NC(=O)OC1COC2C1CCO2)O)S(=O)(=O)c1ccc(cc1)N,1,213039
CCOC(C(=O)c1ccc(cc1)c1ccccc1)Nc1ccc(cc1)C(=O)O,1,239062
CCc1c(c2ccccc2o1)C(=O)c1ccc(cc1)O,1,255968
C1C(ON=C1Cl)C(C(=O)O)N,0,294641
CC(C)c1nc(cs1)CN(C)C(=O)NC(C(C)C)C(=O)NC(Cc1ccccc1)CC(C(Cc1ccccc1)NC(=O)OCc1cncs1)O,1,392622
c1cc(c(cc1C(CN)O)O)O,0,439260
CCC(C)C1C(=O)NC(C(=O)NC(C(=O)NC(CSSCC(C(=O)NC(C(=O)N1)Cc1ccc(cc1)O)N)C(=O)N1CCCC1C(=O)NC(CC(C)C)C(=O)NCC(=O)N)CC(=O)N)CCC(=O)N,0,439302
CC1CC(=O)C=C(C21C(=O)c1c(cc(c(c1O2)Cl)OC)OC)OC,1,441140
CC1C(C(C(C(O1)OC1C(OC(C(C1O)O)OC1C(OC(C(C1O)O)O)CO)CO)O)O)NC1C=C(C(C(C1O)O)O)CO,1,441184
COC1(C2N(C1=O)C(=C(CS2)COC(=O)N)C(=O)O)NC(=O)Cc1cccs1,1,441199
c1ccc(cc1)C1CC1N,0,441233
CC1C2Cc3ccc(cc3C1(CCN2CC=C(C)C)C)O,0,441278
CC(=O)OC1C(CC2C1(CCC1C2CCC2C1(CC(C(C2)O)N1CCOCC1)C)C)[N+]1(CCCC1)CC=C,0,441290
CC(Cc1ccc(cc1)O)(C(=O)O)N,0,441350
CC(CO)NC(=O)C1CN(C2Cc3c[nH]c4c3c(ccc4)C2=C1)C,0,443884
CC1=C(C(CCC1)(C)C)C=CC(=CC=CC(=CCO)C)C,0,445354
Cn1c(nnn1)SCC1=C(N2C(C(C2=O)NC(=O)C(c2ccccc2)O)SC1)C(=O)O,1,456255
CC(Cn1cnc2c1ncnc2N)OCP(=O)(O)O,1,464205
CC1(C(N2C(S1)C(C2=O)NC(=O)C(c1ccccc1)NC(=O)N1CCN(C1=O)S(=O)(=O)C)C(=O)O)C,1,656511
CCCc1cc(=O)[nH]c(=S)[nH]1,1,657298
c1[nH]c2c(n1)[nH]cnc2=S,1,667490
CN1CCCN=C1C=Cc1cccs1,0,708857
Cn1cc[nH]c1=S,1,1349907
CC(C)C=CCCCCC(=O)NCc1ccc(c(c1)OC)O,0,1548943
CC(C)n1c2ccccc2c(c1C=CC(CC(CC(=O)O)O)O)c1ccc(cc1)F,0,1548972
c1[nH]c2c(n1)[nH]c(nc2=S)N,1,2723601
CCC(=C(c1ccccc1)c1ccc(cc1)OCCN(C)C)c1ccccc1,1,2733526
CCCCN1C(=O)C(NC(=O)C21CCN(CC2)Cc1ccc(cc1)Oc1ccc(cc1)C(=O)O)C(C1CCCCC1)O,1,3001322
CN(C)Cc1ccc(o1)CSCCNC(=C[N+](=O)[O-])NCc1ccc2c(c1)OCO2,1,3033952
CCCCCCCCCCCC(CC1C(C(=O)O1)CCCCCC)OC(=O)C(CC(C)C)NC=O,1,3034010
CC(Cc1ccc(cc1)OC)NCC(c1ccc(c(c1)NC=O)O)O,0,3083544
CC(C)CC1C(=O)NC(C(=O)NC(C(=O)NC(C(=O)NCCC(C(=O)NC(C(=O)NC(C(=O)N1)Cc1ccccc1)CCN)NC(=O)C(CCN)NC(=O)C(C(C)O)NC(=O)C(CCN)NC(=O)O)C(C)O)CCN)CCN,0,3083714
Cc1ccc(cc1)C(=O)c1cc(c(c(c1)O)O)[N+](=O)[O-],1,4659569
CCCCCC(C=CC1C(CC(=O)C1CC=CCCCC(=O)O)O)O,0,5280360
CN1C(=C(Nc2ccccn2)O)C(=O)c2ccccc2S1(=O)=O,1,5280452
CC(C)C(C)C=CC(C)C1CCC2C1(CCCC2=CC=C1CC(CCC1=C)O)C,0,5280793
CC1c2cccc(c2C(=C2C1C(C1C(C(=O)C(=C(N)O)C(=O)C1(C2=O)O)N(C)C)O)O)O,1,5281011
CC(C)(c1ccccc1CCC(c1cccc(c1)C=Cc1ccc2ccc(cc2n1)Cl)SCC1(CC1)CC(=O)O)O,0,5281040
Cc1ccc(cc1)C(=CCN1CCCC1)c1ccccn1,0,5282443
CN1CCC23c4c5ccc(c4OC2C(C=CC3C1C5)O)OC,0,5284371
CN1CCC23c4c5ccc(c4OC2C(=O)CCC3C1C5)OC,0,5284569
CN1CCC23c4c5ccc(c4OC2C(=O)CCC3C1C5)O,0,5284570
C=C1CCC2(C3Cc4ccc(c5c4C2(C1O5)CCN3CC1CC1)O)O,0,5284594
CN1CCC23c4c5ccc(c4OC2C(=O)CCC3(C1C5)O)OC,0,5284603
CN1CCC23c4c5ccc(c4OC2C(=O)CCC3(C1C5)O)O,0,5284604
CN1CCC23c4c5ccc(c4OC2C(C=CC3C1C5)O)O,0,5288826
CCN(CC)CCNC(=O)c1c(c([nH]c1C)C=C1c2cc(ccc2NC1=O)F)C,1,5329102
CN(C)NN=C1C(=NC=N1)C(=O)N,1,5351166
c1cc(oc1C=NN1CC(=O)NC1=O)[N+](=O)[O-],1,5353830
c1ccnc(c1)NS(=O)(=O)c1ccc(cc1)NN=C1C=CC(=O)C(=C1)C(=O)O,1,5353980
CN1CCC23CCCCC2C1Cc1c3cc(cc1)OC,0,5360696
Cn1c(nc(=O)c(=O)[nH]1)SCC1=C(N2C(C(C2=O)NC(=O)C(=NOC)c2csc(n2)N)SC1)C(=O)O,1,5361919
CCOC(=O)C(CCc1ccccc1)NC1CCc2ccccc2N(C1=O)CC(=O)O,1,5362124
CC(C)(C)NC(=O)C1CN(CCN1CC(CC(Cc1ccccc1)C(=O)NC1c2ccccc2CC1O)O)Cc1cccnc1,1,5362440
Cc1c(c2c3c4c1OC(C4=O)(OC=CC(C(C(C(C(C(C(C(C=CC=C(C(=O)NC(=C2O)C(=CNN1CCN(CC1)C)C3=O)C)C)O)C)O)C)OC(=O)C)C)OC)C)O,1,5381226
CCC1C2(C(C(C(=O)C(CC(C(C(C(=O)C(C(=O)O1)C)C)OC1C(C(CC(O1)C)N(C)C)O)(C)OC)C)C)N(C(=O)O2)CCCCn1cc(nc1)c1cccnc1)C,1,5462516
CON=C(c1ccc(cc1)c1ccc(o1)c1ccc(cc1)C(=NOC)N)N,1,5480200
CC(C)CC(CC(=O)O)CN,0,5486971
CC1CN(CCC1(C)c1cccc(c1)O)CC(Cc1ccccc1)C(=O)NCC(=O)O,0,5488548
c1cc(ccc1C(=O)O)n1c(=C2C=CC=CC2=O)[nH]c(=C2C=CC=CC2=O)[nH]1,1,5493381
CC(C)C(Cc1ccc(c(c1)OCCCOC)OC)CC(C(CC(C(C)C)C(=O)NCC(C)(C)C(=O)N)O)N,0,5493444
Cc1c(c2c3c4c1OC(C4=O)(OC=CC(C(C(C(C(C(C(C(C=CC=C(C(=O)NC(=C1C3=NC3(N1)CCN(CC3)CC(C)C)C2=O)C)C)O)C)O)C)OC(=O)C)C)OC)C)O,1,6323490
CC(=O)Oc1cc2c(s1)CCN(C2)C(c1ccccc1F)C(=O)C1CC1,0,6918456
CN1CCC(CC1)Nc1ncc2c(n1)c(ncn2)Nc1ccc(c(c1)Cl)F,1,6918508
Cc1ccc(cc1S(=O)(=O)N)Nc1nccc(n1)N(C)c1ccc2c(n(nc2c1)C)C,1,10113978
CC1C=CC=CCCC=CC=CC=CC=CC(CC(C(C(CC(=O)CC(C(CCC(CC(CC(CC(=O)OC(C(C1O)C)C)O)O)O)O)O)O)C(=O)O)O)OC1C(C(C(C(O1)C)O)N)O,0,11953884
CN(C)C1C2C(C3C(=C)c4cccc(c4C(=C3C(=O)C2(C(=C(C1=O)C(=O)N)O)O)O)O)O,1,54675785
C(C(C1C(=C(C(=O)O1)O)O)O)O,0,54678501
CN(C)C1C2CC3C(c4c(ccc(c4C(=C3C(=O)C2(C(=C(C1=O)C(=O)N)O)O)O)O)Cl)O,1,54680690
[Na][Cl],0,5234
CC(C)(CO)NCn1c2c(c(=O)n(c1=O)C)[nH]c(n2)Br,0,11806
[N+][Cl],0,25517
CC(=O)OC1CC2CCC3C(C2(CC1[N+]1(CCCCC1)C)C)CCC1(C3CC(C1OC(=O)C)[N+]1(CCCCC1)C)C,0,27350
C[N+]1(CCc2cc(c(c(c2C1Cc1cc(c(c(c1)OC)OC)OC)OC)OC)OC)CCCOC(=O)CCC(=O)OCCC[N+]1(CCc2cc(c(c(c2C1Cc1cc(c(c(c1)OC)OC)OC)OC)OC)OC)C,0,60168
CC(CN1CCN(CCN(CCN(CC1)CC(=O)[O-])CC(=O)[O-])CC(=O)[O-])O,0,60714
CCCCOCC(CN1C(=O)C(C(=O)NC1=O)(CC)c1ccccc1)OC(=O)NCCCCOCC(CN1C(=O)C(C(=O)N(C1=O)CC(COCCCC)OC(=O)N)(CC)c1ccccc1)OC(=O)NCCC1(C(=O)NC(=O)NC1=O)c1ccccc1,1,114965
Cn1c(c2nc(nc2n(c1=O)C)Cl)ONC(C)CCOC(c1ccccc1)c1ccccc1,0,441281
COCCNC(=O)CN(CCN(CCN(CC(=O)NCCOC)CC(=O)[O-])CC(=O)[O-])CC(=O)[O-],0,444013
CC1C(=O)NC(C(=O)NC(=CNC(=O)N)C(=O)NC(C(=O)NCC(C(=O)N1)N)C1CCN=C(N1)N)CNC(=O)CC(CCCN)NC1CN=C(NC1C1C(=O)NCC(C(=O)NC(C(=O)NC(C(=O)NC(=CNC(=O)N)C(=O)N1)CNC(=O)CC(CCCN)N)CO)N)N,0,3000502
CCCCCCCCC=CCCCCCCCC(=O)OC(CO)N,0,6433328
CO[Si](C)(C)O[Si](C)(C)C,0,6433516
C1CCC(C(C1)N)N[C+](=O)(C(=O)[O-])[O-],1,9887054
Cc1ccc(cc1C)n1c(=O)c(c([nH]1)C)NN=C1C=CC=C(C1=O)c1cccc(c1)C(=O)O,1,9915926
C[N+]1(C2CCC1CC(C2)OC(=O)C(c1ccccc1)O)C,0,10429215
CCCC(CCC)C(=O)OCCCC(CCC)C(=O)[O-],1,23663956
CCCCC(CC)COC(=O)CC(C(=O)OCC(CC)CCCC)S(=O)(=O)[O-],0,23673837
